row.names,panelname,genesymbol
1,channelopathies,CAV3
2,channelopathies,HSPG2
3,channelopathies,ATP2A1
4,channelopathies,CLCN1
5,channelopathies,SCN4A
6,channelopathies,CACNA1S
7,channelopathies,CACNA1A
8,channelopathies,KCNE3
9,channelopathies,KCNA1
10,channelopathies,KCNJ12
11,congenital_muscular_dystrophies,LAMA2
12,congenital_muscular_dystrophies,COL6A1
13,congenital_muscular_dystrophies,COL6A2
14,congenital_muscular_dystrophies,COL6A3
15,congenital_muscular_dystrophies,FHL1
16,congenital_muscular_dystrophies,ITGA7
17,congenital_muscular_dystrophies,DNM2
18,congenital_muscular_dystrophies,TCAP
19,congenital_muscular_dystrophies,LMNA
20,congenital_muscular_dystrophies,FKTN
21,congenital_muscular_dystrophies,POMT1
22,congenital_muscular_dystrophies,POMT2
23,congenital_muscular_dystrophies,FKRP
24,congenital_muscular_dystrophies,POMGNT1
25,congenital_muscular_dystrophies,ISPD
26,congenital_muscular_dystrophies,POMGNT2
27,congenital_muscular_dystrophies,GMPPB
28,congenital_muscular_dystrophies,DPM1
29,congenital_muscular_dystrophies,DPM2
30,congenital_muscular_dystrophies,ALG13
31,congenital_muscular_dystrophies,B3GALNT2
32,congenital_muscular_dystrophies,TMEM5
33,congenital_muscular_dystrophies,POMK
34,congenital_muscular_dystrophies,CHKB
35,congenital_muscular_dystrophies,ACTA1
36,congenital_muscular_dystrophies,TRAPPC11
37,congenital_myasthenic_syndromes,CHRNA1
38,congenital_myasthenic_syndromes,CHRNB1
39,congenital_myasthenic_syndromes,CHRND
40,congenital_myasthenic_syndromes,CHRNE
41,congenital_myasthenic_syndromes,RAPSN
42,congenital_myasthenic_syndromes,CHAT
43,congenital_myasthenic_syndromes,COLQ
44,congenital_myasthenic_syndromes,MUSK
45,congenital_myasthenic_syndromes,DOK7
46,congenital_myasthenic_syndromes,AGRN
47,congenital_myasthenic_syndromes,GFPT1
48,congenital_myasthenic_syndromes,DPAGT1
49,congenital_myasthenic_syndromes,LAMB2
50,congenital_myasthenic_syndromes,SCN4A
51,congenital_myasthenic_syndromes,CHRNG
52,congenital_myasthenic_syndromes,PLEC
53,congenital_myasthenic_syndromes,ALG2
54,congenital_myasthenic_syndromes,ALG14
55,congenital_myasthenic_syndromes,SYT2
56,congenital_myasthenic_syndromes,PREPL
57,congenital_myopathy,ACTA1
58,congenital_myopathy,TPM3
59,congenital_myopathy,TPM2
60,congenital_myopathy,TNNT1
61,congenital_myopathy,NEB
62,congenital_myopathy,LMOD3
63,congenital_myopathy,KBTBD13
64,congenital_myopathy,CFL2
65,congenital_myopathy,KLHL40
66,congenital_myopathy,KLHL41
67,congenital_myopathy,MYO18B
68,congenital_myopathy,RYR1
69,congenital_myopathy,CACNA1S
70,congenital_myopathy,STAC3
71,congenital_myopathy,ORAI1
72,congenital_myopathy,STIM1
73,congenital_myopathy,CCDC78
74,congenital_myopathy,BIN1
75,congenital_myopathy,DNM2
76,congenital_myopathy,MTM1
77,congenital_myopathy,MTMR14
78,congenital_myopathy,SPEG
79,congenital_myopathy,TTN
80,congenital_myopathy,MYH7
81,congenital_myopathy,MYH2
82,congenital_myopathy,CNTN1
83,congenital_myopathy,MEGF10
84,congenital_myopathy,PYROXD1
85,congenital_myopathy,MYPN
86,distal_myopathies,DYSF
87,distal_myopathies,TTN
88,distal_myopathies,GNE
89,distal_myopathies,MYH7
90,distal_myopathies,MATR3
91,distal_myopathies,TIA1
92,distal_myopathies,MYOT
93,distal_myopathies,NEB
94,distal_myopathies,ANO5
95,distal_myopathies,KLHL9
96,distal_myopathies,DNM2
97,distal_myopathies,FLNC
98,distal_myopathies,VCP
99,distal_myopathies,CRYAB
100,distal_myopathies,DES
101,distal_myopathies,LDB3
102,distal_myopathies,BAG3
103,distal_myopathies,TRIM63
104,distal_myopathies,TRIM54
105,limb_girdle_dystrophies,MYOT
106,limb_girdle_dystrophies,LMNA
107,limb_girdle_dystrophies,CAV3
108,limb_girdle_dystrophies,DNAJB6
109,limb_girdle_dystrophies,DES
110,limb_girdle_dystrophies,TNPO3
111,limb_girdle_dystrophies,HNRNPDL
112,limb_girdle_dystrophies,CAPN3
113,limb_girdle_dystrophies,DYSF
114,limb_girdle_dystrophies,SGCG
115,limb_girdle_dystrophies,SGCA
116,limb_girdle_dystrophies,SGCB
117,limb_girdle_dystrophies,SGCD
118,limb_girdle_dystrophies,TCAP
119,limb_girdle_dystrophies,TRIM32
120,limb_girdle_dystrophies,FKRP
121,limb_girdle_dystrophies,TTN
122,limb_girdle_dystrophies,POMT1
123,limb_girdle_dystrophies,ANO5
124,limb_girdle_dystrophies,FKTN
125,limb_girdle_dystrophies,POMT2
126,limb_girdle_dystrophies,POMGNT1
127,limb_girdle_dystrophies,PLEC
128,limb_girdle_dystrophies,DAG1
129,limb_girdle_dystrophies,TRAPPC11
130,limb_girdle_dystrophies,GMPPB
131,limb_girdle_dystrophies,DPM3
132,limb_girdle_dystrophies,ISPD
133,limb_girdle_dystrophies,VCP
134,limb_girdle_dystrophies,LIMS2
135,limb_girdle_dystrophies,GAA
136,muscular_dystrophies,DMD
137,muscular_dystrophies,EMD
138,muscular_dystrophies,FHL1
139,muscular_dystrophies,LMNA
140,muscular_dystrophies,SYNE1
141,muscular_dystrophies,SYNE2
142,muscular_dystrophies,TMEM43
143,muscular_dystrophies,TOR1AIP1
144,muscular_dystrophies,DUX4
145,muscular_dystrophies,SMCHD1
146,neuropathy,AARS
147,neuropathy,AIFM1
148,neuropathy,ATL1
149,neuropathy,ATL3
150,neuropathy,ATP7A
151,neuropathy,BICD2
152,neuropathy,BSCL2
153,neuropathy,CHCHD10
154,neuropathy,DCTN1
155,neuropathy,DNAJB2
156,neuropathy,DNM2
157,neuropathy,DNMT1
158,neuropathy,DST
159,neuropathy,DYNC1H1
160,neuropathy,EGR2
161,neuropathy,FBXO38
162,neuropathy,FGD4
163,neuropathy,FIG4
164,neuropathy,GAN
165,neuropathy,GARS
166,neuropathy,GDAP1
167,neuropathy,GJB1
168,neuropathy,GNB4
169,neuropathy,HARS
170,neuropathy,HINT1
171,neuropathy,HSPB1
172,neuropathy,HSPB8
173,neuropathy,IGHMBP2
174,neuropathy,INF2
175,neuropathy,KIF1A
176,neuropathy,LITAF
177,neuropathy,LMNA
178,neuropathy,MFN2
179,neuropathy,MORC2
180,neuropathy,MPZ
181,neuropathy,MTMR2
182,neuropathy,NDRG1
183,neuropathy,NEFL
184,neuropathy,NGF
185,neuropathy,NTRK1
186,neuropathy,PDK3
187,neuropathy,PLEKHG5
188,neuropathy,PMP22
189,neuropathy,PRPS1
190,neuropathy,REEP1
191,neuropathy,SBF2
192,neuropathy,SCN11A
193,neuropathy,SCN9A
194,neuropathy,SH3TC2
195,neuropathy,SIGMAR1
196,neuropathy,SLC52A2
197,neuropathy,SLC52A3
198,neuropathy,SLC5A7
199,neuropathy,SPG11
200,neuropathy,SPTLC1
201,neuropathy,SPTLC2
202,neuropathy,TFG
203,neuropathy,TRIM2
204,neuropathy,TRPV4
205,neuropathy,TTR
206,neuropathy,UBA1
207,neuropathy,VAPB
208,neuropathy,WNK1
209,neuropathy,YARS
210,neuropathy,CCT5
211,neuropathy,FLRT1
212,neuropathy,HSPB3
213,neuropathy,LAS1L
214,neuropathy,MARS
215,neuropathy,PRDM12
216,neuropathy,SCN10A
217,neuropathy,SETX
218,neuropathy,SLC25A46
219,neuropathy,SURF1
220,pouria2,AARS
221,pouria2,AIFM1
222,pouria2,ATL1
223,pouria2,ATL3
224,pouria2,ATP7A
225,pouria2,BICD2
226,pouria2,BSCL2
227,pouria2,CHCHD10
228,pouria2,DCTN1
229,pouria2,DNAJB2
230,pouria2,DNM2
231,pouria2,DNMT1
232,pouria2,DST
233,pouria2,DYNC1H1
234,pouria2,EGR2
235,pouria2,FBXO38
236,pouria2,FGD4
237,pouria2,FIG4
238,pouria2,GAN
239,pouria2,GARS
240,pouria2,GDAP1
241,pouria2,GJB1
242,pouria2,GNB4
243,pouria2,HARS
244,pouria2,HINT1
245,pouria2,HSPB1
246,pouria2,HSPB8
247,pouria2,IGHMBP2
248,pouria2,INF2
249,pouria2,KIF1A
250,pouria2,LITAF
251,pouria2,LMNA
252,pouria2,MFN2
253,pouria2,MORC2
254,pouria2,MPZ
255,pouria2,MTMR2
256,pouria2,NDRG1
257,pouria2,NEFL
258,pouria2,NGF
259,pouria2,NTRK1
260,pouria2,PDK3
261,pouria2,PLEKHG5
262,pouria2,PMP22
263,pouria2,PRPS1
264,pouria2,REEP1
265,pouria2,SBF2
266,pouria2,SCN11A
267,pouria2,SCN9A
268,pouria2,SH3TC2
269,pouria2,SIGMAR1
270,pouria2,SLC52A2
271,pouria2,SLC52A3
272,pouria2,SLC5A7
273,pouria2,SPG11
274,pouria2,SPTLC1
275,pouria2,SPTLC2
276,pouria2,TFG
277,pouria2,TRIM2
278,pouria2,TRPV4
279,pouria2,TTR
280,pouria2,UBA1
281,pouria2,VAPB
282,pouria2,WNK1
283,pouria2,YARS
284,pouria2,CCT5
285,pouria2,FLRT1
286,pouria2,HSPB3
287,pouria2,LAS1L
288,pouria2,MARS
289,pouria2,PRDM12
290,pouria2,SCN10A
291,pouria2,SETX
292,pouria2,SLC25A46
293,vacuolar_and_others,VMA21
294,vacuolar_and_others,CLN3
295,vacuolar_and_others,PABPN1
296,vacuolar_and_others,TTN
297,vacuolar_and_others,PLEC
298,vacuolar_and_others,MSTN
299,vacuolar_and_others,ACVR1
300,vacuolar_and_others,CAV3
301,vacuolar_and_others,FHL1
302,vacuolar_and_others,ISCU
303,test,DMD
304,test,EMD
305,metabolic_disorders,ABCD1
306,metabolic_disorders,ABCD4
307,metabolic_disorders,ACAD8
308,metabolic_disorders,ACADM
309,metabolic_disorders,ACADS
310,metabolic_disorders,ACADSB
311,metabolic_disorders,ACADVL
312,metabolic_disorders,ACAT1
313,metabolic_disorders,ACSF3
314,metabolic_disorders,AHCY
315,metabolic_disorders,ALDH4A1
316,metabolic_disorders,ARG1
317,metabolic_disorders,ASL
318,metabolic_disorders,ASS1
319,metabolic_disorders,AUH
320,metabolic_disorders,BCKDHA
321,metabolic_disorders,BCKDHB
322,metabolic_disorders,BTD
323,metabolic_disorders,CBS
324,metabolic_disorders,CD320
325,metabolic_disorders,CFTR
326,metabolic_disorders,CPS1
327,metabolic_disorders,CPT1A
328,metabolic_disorders,CPT2
329,metabolic_disorders,DBT
330,metabolic_disorders,DNAJC19
331,metabolic_disorders,ETFA
332,metabolic_disorders,ETFB
333,metabolic_disorders,ETFDH
334,metabolic_disorders,ETHE1
335,metabolic_disorders,FAH
336,metabolic_disorders,FTCD
337,metabolic_disorders,G6PD
338,metabolic_disorders,GAA
339,metabolic_disorders,GALE
340,metabolic_disorders,GALK1
341,metabolic_disorders,GALT
342,metabolic_disorders,GCDH
343,metabolic_disorders,GCH1
344,metabolic_disorders,GLA
345,metabolic_disorders,GNMT
346,metabolic_disorders,GSS
347,metabolic_disorders,HADH
348,metabolic_disorders,HADHA
349,metabolic_disorders,HADHB
350,metabolic_disorders,HCFC1
351,metabolic_disorders,HLCS
352,metabolic_disorders,HMGCL
353,metabolic_disorders,HPD
354,metabolic_disorders,HSD17B10
355,metabolic_disorders,IDUA
356,metabolic_disorders,IVD
357,metabolic_disorders,LMBRD1
358,metabolic_disorders,MAT1A
359,metabolic_disorders,MCCC1
360,metabolic_disorders,MCCC2
361,metabolic_disorders,MCEE
362,metabolic_disorders,MLYCD
363,metabolic_disorders,MMAA
364,metabolic_disorders,MMAB
365,metabolic_disorders,MMACHC
366,metabolic_disorders,MMADHC
367,metabolic_disorders,MTR
368,metabolic_disorders,MTRR
369,metabolic_disorders,MUT
370,metabolic_disorders,NAGS
371,metabolic_disorders,OAT
372,metabolic_disorders,OPA3
373,metabolic_disorders,OTC
374,metabolic_disorders,PAH
375,metabolic_disorders,PC
376,metabolic_disorders,PCBD1
377,metabolic_disorders,PCCA
378,metabolic_disorders,PCCB
379,metabolic_disorders,PPM1K
380,metabolic_disorders,PRODH
381,metabolic_disorders,PTS
382,metabolic_disorders,QDPR
383,metabolic_disorders,SERAC1
384,metabolic_disorders,SLC22A5
385,metabolic_disorders,SLC25A13
386,metabolic_disorders,SLC25A15
387,metabolic_disorders,SLC25A20
388,metabolic_disorders,SMPD1
389,metabolic_disorders,SPR
390,metabolic_disorders,SUCLA2
391,metabolic_disorders,SUCLG1
392,metabolic_disorders,TAT
393,metabolic_disorders,TAZ
394,metabolic_disorders,TMEM70
395,metabolic_disorders,DECR1
396,metabolic_disorders,NADK2
397,metabolic_disorders,GAMT
398,metabolic_disorders,GATM
399,metabolic_disorders,SLC6A8
400,metabolic_disorders,ALG1
401,metabolic_disorders,ALG11
402,metabolic_disorders,ALG12
403,metabolic_disorders,ALG13
404,metabolic_disorders,ALG14
405,metabolic_disorders,ALG2
406,metabolic_disorders,ALG3
407,metabolic_disorders,ALG6
408,metabolic_disorders,ALG8
409,metabolic_disorders,ALG9
410,metabolic_disorders,ATP6V0A2
411,metabolic_disorders,B3GALNT2
412,metabolic_disorders,B3GALT6
413,metabolic_disorders,B3GAT3
414,metabolic_disorders,B3GLCT
415,metabolic_disorders,B4GALNT1
416,metabolic_disorders,B4GALT1
417,metabolic_disorders,B4GALT7
418,metabolic_disorders,B4GAT1
419,metabolic_disorders,C1GALT1C1
420,metabolic_disorders,CHST14
421,metabolic_disorders,CHST3
422,metabolic_disorders,CHST6
423,metabolic_disorders,CHSY1
424,metabolic_disorders,COG1
425,metabolic_disorders,COG2
426,metabolic_disorders,COG4
427,metabolic_disorders,COG5
428,metabolic_disorders,COG6
429,metabolic_disorders,COG7
430,metabolic_disorders,COG8
431,metabolic_disorders,DDOST
432,metabolic_disorders,DHDDS
433,metabolic_disorders,DOLK
434,metabolic_disorders,DPAGT1
435,metabolic_disorders,DPM1
436,metabolic_disorders,DPM2
437,metabolic_disorders,DPM3
438,metabolic_disorders,DSE
439,metabolic_disorders,EOGT
440,metabolic_disorders,EXT1
441,metabolic_disorders,EXT2
442,metabolic_disorders,FKRP
443,metabolic_disorders,FKTN
444,metabolic_disorders,G6PC3
445,metabolic_disorders,GALNT3
446,metabolic_disorders,GFPT1
447,metabolic_disorders,GMPPA
448,metabolic_disorders,GMPPB
449,metabolic_disorders,GNE
450,metabolic_disorders,ISPD
451,metabolic_disorders,LARGE1
452,metabolic_disorders,LFNG
453,metabolic_disorders,MAGT1
454,metabolic_disorders,MAN1B1
455,metabolic_disorders,MGAT2
456,metabolic_disorders,MOGS
457,metabolic_disorders,MPDU1
458,metabolic_disorders,MPI
459,metabolic_disorders,NGLY1
460,metabolic_disorders,NUS1
461,metabolic_disorders,PAPSS2
462,metabolic_disorders,PGM1
463,metabolic_disorders,PGM3
464,metabolic_disorders,PIGA
465,metabolic_disorders,PIGL
466,metabolic_disorders,PIGM
467,metabolic_disorders,PIGN
468,metabolic_disorders,PIGO
469,metabolic_disorders,PIGQ
470,metabolic_disorders,PIGT
471,metabolic_disorders,PIGV
472,metabolic_disorders,PIGW
473,metabolic_disorders,PMM2
474,metabolic_disorders,POFUT1
475,metabolic_disorders,POGLUT1
476,metabolic_disorders,POMGNT1
477,metabolic_disorders,POMGNT2
478,metabolic_disorders,POMK
479,metabolic_disorders,POMT1
480,metabolic_disorders,POMT2
481,metabolic_disorders,RFT1
482,metabolic_disorders,RPN2
483,metabolic_disorders,SEC23A
484,metabolic_disorders,SEC23B
485,metabolic_disorders,SLC26A2
486,metabolic_disorders,SLC35A1
487,metabolic_disorders,SLC35A2
488,metabolic_disorders,SLC35A3
489,metabolic_disorders,SLC35C1
490,metabolic_disorders,SLC35D1
491,metabolic_disorders,SRD5A3
492,metabolic_disorders,SSR4
493,metabolic_disorders,ST3GAL3
494,metabolic_disorders,ST3GAL5
495,metabolic_disorders,STT3A
496,metabolic_disorders,STT3B
497,metabolic_disorders,TMEM165
498,metabolic_disorders,TMEM5
499,metabolic_disorders,TRIP11
500,metabolic_disorders,TUSC3
501,metabolic_disorders,XYLT1
502,metabolic_disorders,ARSA
503,metabolic_disorders,ASPA
504,metabolic_disorders,GALC
505,metabolic_disorders,GM2A
506,metabolic_disorders,HEXA
507,metabolic_disorders,HEXB
508,metabolic_disorders,SLC2A1
509,metabolic_disorders,AMT
510,metabolic_disorders,GCSH
511,metabolic_disorders,GLDC
512,metabolic_disorders,LIAS
513,metabolic_disorders,NFU1
514,metabolic_disorders,SLC6A9
515,metabolic_disorders,IDS
516,metabolic_disorders,NPC1
517,metabolic_disorders,NPC2
518,metabolic_disorders,PNPO
519,metabolic_disorders,ALDH7A1
520,metabolic_disorders,DHCR7
521,metabolic_disorders,CYP27A1
522,metabolic_disorders,HMGCS2
523,metabolic_disorders,OXCT1
524,metabolic_disorders,ATP13A2
525,metabolic_disorders,CLN2
526,metabolic_disorders,(TPP1)
527,metabolic_disorders,CLN3
528,metabolic_disorders,CLN5
529,metabolic_disorders,CLN6
530,metabolic_disorders,CLN8
531,metabolic_disorders,CTSD
532,metabolic_disorders,KCTD7
533,metabolic_disorders,MFSD8
534,metabolic_disorders,PPT1
535,cardiofasciocutaneus_syndrome,BRAF
536,cardiofasciocutaneus_syndrome,KRAS
537,cardiofasciocutaneus_syndrome,MAP2K1
538,cardiofasciocutaneus_syndrome,MAP2K2
539,cardiofasciocutaneus_syndrome,SHOC2
540,cardiofasciocutaneus_syndrome,SOS1
541,parkinsonism,ATP13A2
542,parkinsonism,DCTN1
543,parkinsonism,DNAJC6
544,parkinsonism,FBXO7
545,parkinsonism,GCH1
546,parkinsonism,LRRK2
547,parkinsonism,PARK2
548,parkinsonism,PARK7
549,parkinsonism,PINK1
550,parkinsonism,PRKRA
551,parkinsonism,SLC6A3
552,parkinsonism,SNCA
553,parkinsonism,SPR
554,parkinsonism,TH
555,parkinsonism,VPS35
556,parkinsonism,CHCHD2
557,parkinsonism,MAPT
558,dystonia,ANO3
559,dystonia,ATP1A3
560,dystonia,GCH1
561,dystonia,GNAL
562,dystonia,PARK2
563,dystonia,PNKD
564,dystonia,PRKRA
565,dystonia,PRRT2
566,dystonia,SGCE
567,dystonia,SLC2A1
568,dystonia,SLC6A3
569,dystonia,SPR
570,dystonia,TH
571,dystonia,THAP1
572,dystonia,TOR1A
573,dystonia,TUBB4A
574,dystonia,CIZ1
575,dystonia,DRD2
576,dystonia,HPCA
577,dystonia,KCTD17
578,dystonia,TOR1AIP1
579,epilepsy_and_developmental_brain_abnormalities,ADSL
580,epilepsy_and_developmental_brain_abnormalities,ALDH5A1
581,epilepsy_and_developmental_brain_abnormalities,ALDH7A1
582,epilepsy_and_developmental_brain_abnormalities,ALG13
583,epilepsy_and_developmental_brain_abnormalities,ARHGEF9
584,epilepsy_and_developmental_brain_abnormalities,ARX
585,epilepsy_and_developmental_brain_abnormalities,ATP1A2
586,epilepsy_and_developmental_brain_abnormalities,ATP1A3
587,epilepsy_and_developmental_brain_abnormalities,ATRX
588,epilepsy_and_developmental_brain_abnormalities,BRAT1
589,epilepsy_and_developmental_brain_abnormalities,C12orf57
590,epilepsy_and_developmental_brain_abnormalities,CACNA2D2
591,epilepsy_and_developmental_brain_abnormalities,CASK
592,epilepsy_and_developmental_brain_abnormalities,CDKL5
593,epilepsy_and_developmental_brain_abnormalities,CHD2
594,epilepsy_and_developmental_brain_abnormalities,CHRNA2
595,epilepsy_and_developmental_brain_abnormalities,CHRNA4
596,epilepsy_and_developmental_brain_abnormalities,CHRNB2
597,epilepsy_and_developmental_brain_abnormalities,CLN2
598,epilepsy_and_developmental_brain_abnormalities,(TPP1)
599,epilepsy_and_developmental_brain_abnormalities,CLN3
600,epilepsy_and_developmental_brain_abnormalities,CLN5
601,epilepsy_and_developmental_brain_abnormalities,CLN6
602,epilepsy_and_developmental_brain_abnormalities,CLN8
603,epilepsy_and_developmental_brain_abnormalities,CNTNAP2
604,epilepsy_and_developmental_brain_abnormalities,CSTB
605,epilepsy_and_developmental_brain_abnormalities,CTSD
606,epilepsy_and_developmental_brain_abnormalities,DEPDC5
607,epilepsy_and_developmental_brain_abnormalities,DNAJC5
608,epilepsy_and_developmental_brain_abnormalities,DNM1
609,epilepsy_and_developmental_brain_abnormalities,DYRK1A
610,epilepsy_and_developmental_brain_abnormalities,EEF1A2
611,epilepsy_and_developmental_brain_abnormalities,EFHC1
612,epilepsy_and_developmental_brain_abnormalities,EHMT1
613,epilepsy_and_developmental_brain_abnormalities,EPM2A
614,epilepsy_and_developmental_brain_abnormalities,FOLR1
615,epilepsy_and_developmental_brain_abnormalities,FOXG1
616,epilepsy_and_developmental_brain_abnormalities,FRRS1L
617,epilepsy_and_developmental_brain_abnormalities,GABRA1
618,epilepsy_and_developmental_brain_abnormalities,GABRB3
619,epilepsy_and_developmental_brain_abnormalities,GABRG2
620,epilepsy_and_developmental_brain_abnormalities,GAMT
621,epilepsy_and_developmental_brain_abnormalities,GATM
622,epilepsy_and_developmental_brain_abnormalities,GLRA1
623,epilepsy_and_developmental_brain_abnormalities,GNAO1
624,epilepsy_and_developmental_brain_abnormalities,GOSR2
625,epilepsy_and_developmental_brain_abnormalities,GRIN1
626,epilepsy_and_developmental_brain_abnormalities,GRIN2A
627,epilepsy_and_developmental_brain_abnormalities,GRIN2B
628,epilepsy_and_developmental_brain_abnormalities,HCN1
629,epilepsy_and_developmental_brain_abnormalities,HNRNPU
630,epilepsy_and_developmental_brain_abnormalities,IER3IP1
631,epilepsy_and_developmental_brain_abnormalities,IQSEC2
632,epilepsy_and_developmental_brain_abnormalities,ITPA
633,epilepsy_and_developmental_brain_abnormalities,KANSL1
634,epilepsy_and_developmental_brain_abnormalities,KCNA2
635,epilepsy_and_developmental_brain_abnormalities,KCNB1
636,epilepsy_and_developmental_brain_abnormalities,KCNC1
637,epilepsy_and_developmental_brain_abnormalities,KCNH2
638,epilepsy_and_developmental_brain_abnormalities,KCNJ10
639,epilepsy_and_developmental_brain_abnormalities,KCNQ2
640,epilepsy_and_developmental_brain_abnormalities,KCNQ3
641,epilepsy_and_developmental_brain_abnormalities,KCNT1
642,epilepsy_and_developmental_brain_abnormalities,KCTD7
643,epilepsy_and_developmental_brain_abnormalities,KIAA2022
644,epilepsy_and_developmental_brain_abnormalities,LGI1
645,epilepsy_and_developmental_brain_abnormalities,LIAS
646,epilepsy_and_developmental_brain_abnormalities,MBD5
647,epilepsy_and_developmental_brain_abnormalities,MECP2
648,epilepsy_and_developmental_brain_abnormalities,MEF2C
649,epilepsy_and_developmental_brain_abnormalities,MFSD8
650,epilepsy_and_developmental_brain_abnormalities,NGLY1
651,epilepsy_and_developmental_brain_abnormalities,NHLRC1
652,epilepsy_and_developmental_brain_abnormalities,NRXN1
868,cardiomyopathies,TNNC1
653,epilepsy_and_developmental_brain_abnormalities,PACS1
654,epilepsy_and_developmental_brain_abnormalities,PCDH19
655,epilepsy_and_developmental_brain_abnormalities,PIGA
656,epilepsy_and_developmental_brain_abnormalities,PIGN
657,epilepsy_and_developmental_brain_abnormalities,PIGO
658,epilepsy_and_developmental_brain_abnormalities,PLCB1
659,epilepsy_and_developmental_brain_abnormalities,PNKD
660,epilepsy_and_developmental_brain_abnormalities,PNKP
661,epilepsy_and_developmental_brain_abnormalities,PNPO
662,epilepsy_and_developmental_brain_abnormalities,POLG
663,epilepsy_and_developmental_brain_abnormalities,PPT1
664,epilepsy_and_developmental_brain_abnormalities,PRICKLE1
665,epilepsy_and_developmental_brain_abnormalities,PRRT2
666,epilepsy_and_developmental_brain_abnormalities,PURA
667,epilepsy_and_developmental_brain_abnormalities,QARS
668,epilepsy_and_developmental_brain_abnormalities,ROGDI
669,epilepsy_and_developmental_brain_abnormalities,SATB2
670,epilepsy_and_developmental_brain_abnormalities,SCARB2
671,epilepsy_and_developmental_brain_abnormalities,SCN1A
672,epilepsy_and_developmental_brain_abnormalities,SCN1B
673,epilepsy_and_developmental_brain_abnormalities,SCN2A
674,epilepsy_and_developmental_brain_abnormalities,SCN3A
675,epilepsy_and_developmental_brain_abnormalities,SCN8A
676,epilepsy_and_developmental_brain_abnormalities,SCN9A
677,epilepsy_and_developmental_brain_abnormalities,SERPINI1
678,epilepsy_and_developmental_brain_abnormalities,SGCE
679,epilepsy_and_developmental_brain_abnormalities,SLC13A5
680,epilepsy_and_developmental_brain_abnormalities,SLC19A3
681,epilepsy_and_developmental_brain_abnormalities,SLC25A22
682,epilepsy_and_developmental_brain_abnormalities,SLC2A1
683,epilepsy_and_developmental_brain_abnormalities,SLC35A2
684,epilepsy_and_developmental_brain_abnormalities,SLC6A1
685,epilepsy_and_developmental_brain_abnormalities,SLC6A8
686,epilepsy_and_developmental_brain_abnormalities,SLC9A6
687,epilepsy_and_developmental_brain_abnormalities,SMC1A
688,epilepsy_and_developmental_brain_abnormalities,SNX27
689,epilepsy_and_developmental_brain_abnormalities,SPATA5
690,epilepsy_and_developmental_brain_abnormalities,SPTAN1
691,epilepsy_and_developmental_brain_abnormalities,STX1B
692,epilepsy_and_developmental_brain_abnormalities,STXBP1
693,epilepsy_and_developmental_brain_abnormalities,SYN1
694,epilepsy_and_developmental_brain_abnormalities,SYNGAP1
695,epilepsy_and_developmental_brain_abnormalities,SYNJ1
696,epilepsy_and_developmental_brain_abnormalities,SZT2
697,epilepsy_and_developmental_brain_abnormalities,TBC1D24
698,epilepsy_and_developmental_brain_abnormalities,TCF4
699,epilepsy_and_developmental_brain_abnormalities,TSC1
700,epilepsy_and_developmental_brain_abnormalities,TSC2
701,epilepsy_and_developmental_brain_abnormalities,UBE3A
702,epilepsy_and_developmental_brain_abnormalities,WWOX
703,epilepsy_and_developmental_brain_abnormalities,ZDHHC9
704,epilepsy_and_developmental_brain_abnormalities,ZEB2
705,epilepsy_and_developmental_brain_abnormalities,ABAT
706,epilepsy_and_developmental_brain_abnormalities,ARHGEF15
707,epilepsy_and_developmental_brain_abnormalities,ATP6AP2
708,epilepsy_and_developmental_brain_abnormalities,CACNA1A
709,epilepsy_and_developmental_brain_abnormalities,CACNA1H
710,epilepsy_and_developmental_brain_abnormalities,CACNB4
711,epilepsy_and_developmental_brain_abnormalities,CARS2
712,epilepsy_and_developmental_brain_abnormalities,CASR
713,epilepsy_and_developmental_brain_abnormalities,CBL
714,epilepsy_and_developmental_brain_abnormalities,CERS1
715,epilepsy_and_developmental_brain_abnormalities,CLCN4
716,epilepsy_and_developmental_brain_abnormalities,CNTN2
717,epilepsy_and_developmental_brain_abnormalities,COQ4
718,epilepsy_and_developmental_brain_abnormalities,CPA6
719,epilepsy_and_developmental_brain_abnormalities,DIAPH1
720,epilepsy_and_developmental_brain_abnormalities,DOCK7
721,epilepsy_and_developmental_brain_abnormalities,FARS2
722,epilepsy_and_developmental_brain_abnormalities,FASN
723,epilepsy_and_developmental_brain_abnormalities,GABBR2
724,epilepsy_and_developmental_brain_abnormalities,GABRB2
725,epilepsy_and_developmental_brain_abnormalities,GABRD
726,epilepsy_and_developmental_brain_abnormalities,GAL
727,epilepsy_and_developmental_brain_abnormalities,GPHN
728,epilepsy_and_developmental_brain_abnormalities,JMJD1C
729,epilepsy_and_developmental_brain_abnormalities,KCNA1
730,epilepsy_and_developmental_brain_abnormalities,KCND2
731,epilepsy_and_developmental_brain_abnormalities,KCNH5
732,epilepsy_and_developmental_brain_abnormalities,KCNMA1
733,epilepsy_and_developmental_brain_abnormalities,KPNA7
734,epilepsy_and_developmental_brain_abnormalities,LMNB2
735,epilepsy_and_developmental_brain_abnormalities,MTOR
736,epilepsy_and_developmental_brain_abnormalities,NECAP1
737,epilepsy_and_developmental_brain_abnormalities,NEDD4L
738,epilepsy_and_developmental_brain_abnormalities,NPRL3
739,epilepsy_and_developmental_brain_abnormalities,PIGG
740,epilepsy_and_developmental_brain_abnormalities,PIGQ
741,epilepsy_and_developmental_brain_abnormalities,PIK3AP1
742,epilepsy_and_developmental_brain_abnormalities,PRDM8
743,epilepsy_and_developmental_brain_abnormalities,PRICKLE2
744,epilepsy_and_developmental_brain_abnormalities,PRIMA1
745,epilepsy_and_developmental_brain_abnormalities,RBFOX1
746,epilepsy_and_developmental_brain_abnormalities,RBFOX3
747,epilepsy_and_developmental_brain_abnormalities,RELN
748,epilepsy_and_developmental_brain_abnormalities,RYR3
749,epilepsy_and_developmental_brain_abnormalities,SCN5A
750,epilepsy_and_developmental_brain_abnormalities,SETD2
751,epilepsy_and_developmental_brain_abnormalities,SIK1
752,epilepsy_and_developmental_brain_abnormalities,SLC12A5
753,epilepsy_and_developmental_brain_abnormalities,SLC25A12
754,epilepsy_and_developmental_brain_abnormalities,SLC35A3
755,epilepsy_and_developmental_brain_abnormalities,SNAP25
756,epilepsy_and_developmental_brain_abnormalities,SRPX2
757,epilepsy_and_developmental_brain_abnormalities,ST3GAL3
758,epilepsy_and_developmental_brain_abnormalities,ST3GAL5
759,epilepsy_and_developmental_brain_abnormalities,STRADA
760,epilepsy_and_developmental_brain_abnormalities,TBL1XR1
761,epilepsy_and_developmental_brain_abnormalities,TPK1
762,epilepsy_and_developmental_brain_abnormalities,WDR45
763,epilepsy_and_developmental_brain_abnormalities,AMT
764,epilepsy_and_developmental_brain_abnormalities,GCSH
765,epilepsy_and_developmental_brain_abnormalities,GLDC
766,epilepsy_and_developmental_brain_abnormalities,FLNA
767,epilepsy_and_developmental_brain_abnormalities,PTEN
768,epilepsy_and_developmental_brain_abnormalities,RANBP2
769,cardiomyopathies,ABCC9
770,cardiomyopathies,ACTA1
771,cardiomyopathies,ACTC1
772,cardiomyopathies,ACTN2
773,cardiomyopathies,AGL
774,cardiomyopathies,ANO5
775,cardiomyopathies,ATP2A1
776,cardiomyopathies,B3GALNT2
777,cardiomyopathies,B4GAT1
778,cardiomyopathies,BAG3
779,cardiomyopathies,BIN1
780,cardiomyopathies,CACNA1C
781,cardiomyopathies,CAPN3
782,cardiomyopathies,CAV3
783,cardiomyopathies,CCDC78
784,cardiomyopathies,CFL2
785,cardiomyopathies,CHKB
786,cardiomyopathies,CNTN1
787,cardiomyopathies,COL6A1
788,cardiomyopathies,COL6A2
789,cardiomyopathies,COL6A3
790,cardiomyopathies,CPT2
791,cardiomyopathies,CRYAB
792,cardiomyopathies,CSRP3
793,cardiomyopathies,DAG1
794,cardiomyopathies,DES
795,cardiomyopathies,DMD
796,cardiomyopathies,DNAJB6
797,cardiomyopathies,DNM2
798,cardiomyopathies,DOLK
799,cardiomyopathies,DPM1
800,cardiomyopathies,DPM2
801,cardiomyopathies,DPM3
802,cardiomyopathies,DSC2
803,cardiomyopathies,DSG2
804,cardiomyopathies,DSP
805,cardiomyopathies,DYSF
806,cardiomyopathies,EMD
807,cardiomyopathies,EYA4
808,cardiomyopathies,FHL1
809,cardiomyopathies,FKBP14
810,cardiomyopathies,FKRP
811,cardiomyopathies,FKTN
812,cardiomyopathies,FLNC
813,cardiomyopathies,GAA
814,cardiomyopathies,GLA
815,cardiomyopathies,GMPPB
816,cardiomyopathies,GNE
817,cardiomyopathies,HCN4
818,cardiomyopathies,ISPD
819,cardiomyopathies,ITGA7
820,cardiomyopathies,JUP
821,cardiomyopathies,KBTBD13
822,cardiomyopathies,KLHL40
823,cardiomyopathies,KLHL41
824,cardiomyopathies,LAMA2
825,cardiomyopathies,LAMP2
826,cardiomyopathies,LARGE1
827,cardiomyopathies,LMNA
828,cardiomyopathies,LMOD3
829,cardiomyopathies,MATR3
830,cardiomyopathies,MEGF10
831,cardiomyopathies,MTM1
832,cardiomyopathies,MYBPC3
833,cardiomyopathies,MYH7
834,cardiomyopathies,MYL2
835,cardiomyopathies,MYL3
836,cardiomyopathies,MYOT
837,cardiomyopathies,MYPN
838,cardiomyopathies,NEB
839,cardiomyopathies,PKP2
840,cardiomyopathies,PLEC
841,cardiomyopathies,PLN
842,cardiomyopathies,PNPLA2
843,cardiomyopathies,POMGNT1
844,cardiomyopathies,POMGNT2
845,cardiomyopathies,POMK
846,cardiomyopathies,POMT1
847,cardiomyopathies,POMT2
848,cardiomyopathies,PRKAG2
849,cardiomyopathies,RAF1
850,cardiomyopathies,RBM20
851,cardiomyopathies,RYR1
852,cardiomyopathies,RYR2
853,cardiomyopathies,SCN5A
854,cardiomyopathies,SELENON
855,cardiomyopathies,SGCA
856,cardiomyopathies,SGCB
857,cardiomyopathies,SGCD
858,cardiomyopathies,SGCG
859,cardiomyopathies,SLC22A5
860,cardiomyopathies,SQSTM1
861,cardiomyopathies,STAC3
862,cardiomyopathies,STIM1
863,cardiomyopathies,TAZ
864,cardiomyopathies,TCAP
865,cardiomyopathies,TIA1
866,cardiomyopathies,TMEM43
867,cardiomyopathies,TMEM5
869,cardiomyopathies,TNNI3
870,cardiomyopathies,TNNT1
871,cardiomyopathies,TNNT2
872,cardiomyopathies,TNPO3
873,cardiomyopathies,TPM1
874,cardiomyopathies,TPM2
875,cardiomyopathies,TPM3
876,cardiomyopathies,TRAPPC11
877,cardiomyopathies,TRIM32
878,cardiomyopathies,TTN
879,cardiomyopathies,TTR
880,cardiomyopathies,VCL
881,cardiomyopathies,VCP
882,cardiomyopathies,ANKRD1
883,cardiomyopathies,CALR3
884,cardiomyopathies,CHRM2
885,cardiomyopathies,COL12A1
886,cardiomyopathies,CTF1
887,cardiomyopathies,CTNNA3
888,cardiomyopathies,DTNA
889,cardiomyopathies,FHL2
890,cardiomyopathies,GATA4
891,cardiomyopathies,GATA6
892,cardiomyopathies,GATAD1
893,cardiomyopathies,HNRNPDL
894,cardiomyopathies,ILK
895,cardiomyopathies,JPH2
896,cardiomyopathies,LAMA4
897,cardiomyopathies,LDB3
898,cardiomyopathies,LIMS2
899,cardiomyopathies,LRRC10
900,cardiomyopathies,MYF6
901,cardiomyopathies,MYH6
902,cardiomyopathies,MYLK2
903,cardiomyopathies,MYOM1
904,cardiomyopathies,MYOZ2
905,cardiomyopathies,NEBL
906,cardiomyopathies,NEXN
907,cardiomyopathies,NKX2-5
908,cardiomyopathies,NPPA
909,cardiomyopathies,PDLIM3
910,cardiomyopathies,PLEKHM2
911,cardiomyopathies,PRDM16
912,cardiomyopathies,SUN1
913,cardiomyopathies,SUN2
914,cardiomyopathies,SYNE1
915,cardiomyopathies,SYNE2
916,cardiomyopathies,TGFB3
917,cardiomyopathies,TMPO
918,cardiomyopathies,TOR1AIP1
919,cardiomyopathies,TXNRD2
920,cardiomyopathies,ACADVL
921,cardiomyopathies,ALMS1
922,cardiomyopathies,DNAJC19
923,cardiomyopathies,ELAC2
924,cardiomyopathies,MTO1
925,cardiomyopathies,SDHA
926,cardiomyopathies,TMEM70
927,ciliopathies,AHI1
928,ciliopathies,ANKS6
929,ciliopathies,ARL13B
930,ciliopathies,ARL6
931,ciliopathies,ARMC4
932,ciliopathies,B9D1
933,ciliopathies,B9D2
934,ciliopathies,BBS1
935,ciliopathies,BBS10
936,ciliopathies,BBS12
937,ciliopathies,BBS2
938,ciliopathies,BBS4
939,ciliopathies,BBS5
940,ciliopathies,BBS7
941,ciliopathies,BBS9
942,ciliopathies,C21orf59
943,ciliopathies,C5orf42
944,ciliopathies,CC2D2A
945,ciliopathies,CCDC103
946,ciliopathies,CCDC114
947,ciliopathies,CCDC151
948,ciliopathies,CCDC39
949,ciliopathies,CCDC40
950,ciliopathies,CCDC65
951,ciliopathies,CCNO
952,ciliopathies,CEP104
953,ciliopathies,CEP120
954,ciliopathies,CEP164
955,ciliopathies,CEP290
956,ciliopathies,CEP41
957,ciliopathies,CEP83
958,ciliopathies,CSPP1
959,ciliopathies,DCDC2
960,ciliopathies,DNAAF1
961,ciliopathies,DNAAF2
962,ciliopathies,DNAAF3
963,ciliopathies,DNAAF5
964,ciliopathies,DNAH1
965,ciliopathies,DNAH11
966,ciliopathies,DNAH5
967,ciliopathies,DNAH8
968,ciliopathies,DNAI1
969,ciliopathies,DNAI2
970,ciliopathies,DNAL1
971,ciliopathies,DRC1
972,ciliopathies,DYNC2H1
973,ciliopathies,DYX1C1
974,ciliopathies,EVC
975,ciliopathies,EVC2
976,ciliopathies,GAS8
977,ciliopathies,GLIS2
978,ciliopathies,IFT122
979,ciliopathies,IFT140
980,ciliopathies,IFT172
981,ciliopathies,IFT80
982,ciliopathies,INPP5E
983,ciliopathies,INVS
984,ciliopathies,IQCB1
985,ciliopathies,KIAA0586
986,ciliopathies,KIF7
987,ciliopathies,LRRC6
988,ciliopathies,MCIDAS
989,ciliopathies,MKKS
990,ciliopathies,MKS1
991,ciliopathies,MRE11
992,ciliopathies,NEK1
993,ciliopathies,NEK8
994,ciliopathies,NME8
995,ciliopathies,NPHP1
996,ciliopathies,NPHP3
997,ciliopathies,NPHP4
998,ciliopathies,OFD1
999,ciliopathies,PDE6D
1000,ciliopathies,PKD2
1001,ciliopathies,PKHD1
1002,ciliopathies,RPGR
1003,ciliopathies,RPGRIP1L
1004,ciliopathies,RSPH1
1005,ciliopathies,RSPH3
1006,ciliopathies,RSPH4A
1007,ciliopathies,RSPH9
1008,ciliopathies,SDCCAG8
1009,ciliopathies,SPAG1
1010,ciliopathies,TCTN1
1011,ciliopathies,TCTN2
1012,ciliopathies,TCTN3
1013,ciliopathies,TMEM138
1014,ciliopathies,TMEM216
1015,ciliopathies,TMEM231
1016,ciliopathies,TMEM237
1017,ciliopathies,TMEM67
1018,ciliopathies,TRIM32
1019,ciliopathies,TTC21B
1020,ciliopathies,TTC8
1021,ciliopathies,WDPCP
1022,ciliopathies,WDR19
1023,ciliopathies,WDR34
1024,ciliopathies,WDR35
1025,ciliopathies,WDR60
1026,ciliopathies,XPNPEP3
1027,ciliopathies,ZMYND10
1028,ciliopathies,ZNF423
1029,cancer,ALK
1030,cancer,APC
1031,cancer,ATM
1032,cancer,AXIN2
1033,cancer,BAP1
1034,cancer,BARD1
1035,cancer,BLM
1036,cancer,BMPR1A
1037,cancer,BRCA1
1038,cancer,BRCA2
1039,cancer,BRIP1
1040,cancer,CASR
1041,cancer,CDC73
1042,cancer,CDH1
1043,cancer,CDK4
1044,cancer,CDKN1B
1045,cancer,CDKN1C
1046,cancer,CDKN2A
1047,cancer,CEBPA
1048,cancer,CHEK2
1049,cancer,DICER1
1050,cancer,DIS3L2
1051,cancer,EGFR
1052,cancer,EPCAM
1053,cancer,FH
1054,cancer,FLCN
1055,cancer,GATA2
1056,cancer,GPC3
1057,cancer,GREM1
1058,cancer,HOXB13
1059,cancer,HRAS
1060,cancer,KIT
1061,cancer,MAX
1062,cancer,MEN1
1063,cancer,MET
1064,cancer,MITF
1065,cancer,MLH1
1066,cancer,MSH2
1067,cancer,MSH6
1068,cancer,MUTYH
1069,cancer,NBN
1070,cancer,NF1
1071,cancer,NF2
1072,cancer,PALB2
1073,cancer,PDGFRA
1074,cancer,PHOX2B
1075,cancer,PMS2
1076,cancer,POLD1
1077,cancer,POLE
1078,cancer,POT1
1079,cancer,PRKAR1A
1080,cancer,PTCH1
1081,cancer,PTEN
1082,cancer,RAD50
1083,cancer,RAD51C
1084,cancer,RAD51D
1085,cancer,RB1
1086,cancer,RECQL4
1087,cancer,RET
1088,cancer,RUNX1
1089,cancer,SDHA
1090,cancer,SDHAF2
1091,cancer,SDHB
1092,cancer,SDHC
1093,cancer,SDHD
1094,cancer,SMAD4
1095,cancer,SMARCA4
1096,cancer,SMARCB1
1097,cancer,SMARCE1
1098,cancer,STK11
1099,cancer,SUFU
1100,cancer,TERC
1101,cancer,TERT
1102,cancer,TMEM127
1103,cancer,TP53
1104,cancer,TSC1
1105,cancer,TSC2
1106,cancer,VHL
1107,cancer,WRN
1108,cancer,WT1
1109,microphtalmia-anophtalmia,ALDH1A3
1110,microphtalmia-anophtalmia,BCOR
1111,microphtalmia-anophtalmia,BMP4
1112,microphtalmia-anophtalmia,FOXE3
1113,microphtalmia-anophtalmia,GDF6
1114,microphtalmia-anophtalmia,OTX2
1115,microphtalmia-anophtalmia,PAX2
1116,microphtalmia-anophtalmia,PRSS56
1117,microphtalmia-anophtalmia,PXDN
1118,microphtalmia-anophtalmia,RAX
1119,microphtalmia-anophtalmia,SHH
1120,microphtalmia-anophtalmia,SOX2
1121,microphtalmia-anophtalmia,STRA6
1122,microphtalmia-anophtalmia,VSX2
1123,microphtalmia-anophtalmia,GDF3
1124,microphtalmia-anophtalmia,HESX1
1125,microphtalmia-anophtalmia,MAB21L2
1126,microphtalmia-anophtalmia,RARB
1127,microphtalmia-anophtalmia,VAX1
1128,lysosomal,ADAMTSL2
1129,lysosomal,AGA
1130,lysosomal,ANTXR2
1131,lysosomal,ARSA
1132,lysosomal,ARSB
1133,lysosomal,ASAH1
1134,lysosomal,ATP13A2
1135,lysosomal,CLN3
1136,lysosomal,CLN5
1137,lysosomal,CLN6
1138,lysosomal,CLN8
1139,lysosomal,COL11A2
1140,lysosomal,COL2A1
1141,lysosomal,CTNS
1142,lysosomal,CTSA
1143,lysosomal,CTSC
1144,lysosomal,CTSD
1145,lysosomal,CTSK
1146,lysosomal,DHCR7
1147,lysosomal,DYM
1148,lysosomal,FUCA1
1149,lysosomal,GAA
1150,lysosomal,GALC
1151,lysosomal,GALNS
1152,lysosomal,GBA
1153,lysosomal,GLA
1154,lysosomal,GLB1
1155,lysosomal,GM2A
1156,lysosomal,GNE
1157,lysosomal,GNPTAB
1158,lysosomal,GNS
1159,lysosomal,GPC3
1160,lysosomal,GUSB
1161,lysosomal,HEXA
1162,lysosomal,HEXB
1163,lysosomal,HGSNAT
1164,lysosomal,HRAS
1165,lysosomal,HYAL1
1166,lysosomal,IDS
1167,lysosomal,IDUA
1168,lysosomal,KMT2D
1169,lysosomal,LAMP2
1170,lysosomal,LIPA
1171,lysosomal,MAN2B1
1172,lysosomal,MANBA
1173,lysosomal,MCOLN1
1174,lysosomal,MFSD8
1175,lysosomal,NAGA
1176,lysosomal,NAGLU
1177,lysosomal,NEU1
1178,lysosomal,NPC1
1179,lysosomal,NPC2
1180,lysosomal,PEX1
1181,lysosomal,PEX10
1182,lysosomal,PEX12
1183,lysosomal,PEX13
1184,lysosomal,PEX14
1185,lysosomal,PEX16
1186,lysosomal,PEX19
1187,lysosomal,PEX2
1188,lysosomal,PEX26
1189,lysosomal,PEX3
1190,lysosomal,PEX5
1191,lysosomal,PEX6
1192,lysosomal,PHYH
1193,lysosomal,PPT1
1194,lysosomal,PSAP
1195,lysosomal,RAI1
1196,lysosomal,SGSH
1197,lysosomal,SLC17A5
1198,lysosomal,SMPD1
1199,lysosomal,SUMF1
1200,lysosomal,TCF4
1201,lysosomal,TPP1
1202,ataxic,AAAS
1203,ataxic,AARS2
1204,ataxic,ABCB7
1205,ataxic,ABCD1
1206,ataxic,ABHD12
1207,ataxic,ACO2
1208,ataxic,ADCK3
1209,ataxic,ADSL
1210,ataxic,AFG3L2
1211,ataxic,AHI1
1212,ataxic,ALDH18A1
1213,ataxic,ALDH5A1
1214,ataxic,ALG6
1215,ataxic,ALS2
1216,ataxic,AMACR
1217,ataxic,ANO10
1218,ataxic,AP1S2
1219,ataxic,AP4B1
1220,ataxic,AP4E1
1221,ataxic,AP4M1
1222,ataxic,AP4S1
1223,ataxic,AP5Z1
1224,ataxic,APOA1BP
1225,ataxic,APOB
1226,ataxic,APOPT1
1227,ataxic,APTX
1228,ataxic,ARL13B
1229,ataxic,ARL6IP1
1230,ataxic,ARSA
1231,ataxic,ARV1
1232,ataxic,ARX
1233,ataxic,ASL
1234,ataxic,ASS1
1235,ataxic,ATCAY
1236,ataxic,ATL1
1237,ataxic,ATM
1238,ataxic,ATP13A2
1239,ataxic,ATP1A2
1240,ataxic,ATP1A3
1241,ataxic,ATP2B3
1242,ataxic,ATP7B
1243,ataxic,ATP8A2
1244,ataxic,ATPAF2
1245,ataxic,AUH
1246,ataxic,B4GALNT1
1247,ataxic,B9D1
1248,ataxic,BCKDHA
1249,ataxic,BCKDHB
1250,ataxic,BCS1L
1251,ataxic,BEAN1
1252,ataxic,BRAT1
1253,ataxic,BSCL2
1254,ataxic,BTD
1255,ataxic,C10orf2
1256,ataxic,C12orf65
1257,ataxic,C19orf12
1258,ataxic,C5orf42
1259,ataxic,CA8
1260,ataxic,CACNA1A
1261,ataxic,CACNA1G
1262,ataxic,CACNB4
1263,ataxic,CAMTA1
1264,ataxic,CAPN1
1265,ataxic,CASK
1266,ataxic,CAV1
1267,ataxic,CC2D2A
1268,ataxic,CCDC88C
1269,ataxic,CDKL5
1270,ataxic,CECR1
1271,ataxic,CEP104
1272,ataxic,CEP120
1273,ataxic,CEP290
1274,ataxic,CEP41
1275,ataxic,CHAMP1
1276,ataxic,CHCHD10
1277,ataxic,CHMP1A
1278,ataxic,CLCN2
1279,ataxic,CLN5
1280,ataxic,CLN6
1281,ataxic,CLN8
1282,ataxic,CLPP
1283,ataxic,COA5
1284,ataxic,COG4
1285,ataxic,COL18A1
1286,ataxic,COQ2
1287,ataxic,COQ4
1288,ataxic,COQ6
1289,ataxic,COQ9
1290,ataxic,COX10
1291,ataxic,COX14
1292,ataxic,COX15
1293,ataxic,COX20
1294,ataxic,COX6B1
1295,ataxic,CP
1296,ataxic,CPS1
1297,ataxic,CPT1C
1298,ataxic,CSPP1
1299,ataxic,CSTB
1300,ataxic,CTBP1
1301,ataxic,CTC1
1302,ataxic,CTDP1
1303,ataxic,CTSA
1304,ataxic,CTSD
1305,ataxic,CTSF
1306,ataxic,CUL4B
1307,ataxic,CWF19L1
1308,ataxic,CYP27A1
1309,ataxic,CYP2U1
1310,ataxic,CYP7B1
1311,ataxic,DARS2
1312,ataxic,DBT
1313,ataxic,DCX
1314,ataxic,DDHD1
1315,ataxic,DDHD2
1316,ataxic,DGAT2
1317,ataxic,DKC1
1318,ataxic,DLAT
1319,ataxic,DLD
1320,ataxic,DMXL2
1321,ataxic,DNAJC19
1322,ataxic,DNAJC3
1323,ataxic,DNAJC5
1324,ataxic,DNM2
1325,ataxic,DNMT1
1326,ataxic,DOCK3
1327,ataxic,DPM1
1328,ataxic,DYNC1H1
1329,ataxic,EBF3
1330,ataxic,EEF2
1331,ataxic,EGR2
1332,ataxic,EIF2B1
1333,ataxic,EIF2B2
1334,ataxic,EIF2B3
1335,ataxic,EIF2B4
1336,ataxic,EIF2B5
1337,ataxic,ELOVL4
1338,ataxic,ELOVL5
1339,ataxic,ENTPD1
1340,ataxic,EOMES
1341,ataxic,EPM2A
1342,ataxic,ERCC3
1343,ataxic,ERCC4
1344,ataxic,ERCC5
1345,ataxic,ERCC6
1346,ataxic,ERCC8
1347,ataxic,ERLIN1
1348,ataxic,ERLIN2
1349,ataxic,ETHE1
1350,ataxic,EXOSC3
1351,ataxic,FA2H
1352,ataxic,FARS2
1353,ataxic,FASTKD2
1354,ataxic,FBXL4
1355,ataxic,FGF12
1356,ataxic,FGF14
1357,ataxic,FKRP
1358,ataxic,FKTN
1359,ataxic,FLVCR1
1360,ataxic,FMR1
1361,ataxic,FOLR1
1362,ataxic,FOXG1
1363,ataxic,FOXRED1
1364,ataxic,FTL
1365,ataxic,FXN
1366,ataxic,GABRB3
1367,ataxic,GALC
1368,ataxic,GAMT
1369,ataxic,GAN
1370,ataxic,GBA2
1371,ataxic,GBE1
1372,ataxic,GCH1
1373,ataxic,GCLC
1374,ataxic,GFAP
1375,ataxic,GJA1
1376,ataxic,GJB1
1377,ataxic,GJC2
1378,ataxic,GLB1
1379,ataxic,GOSR2
1380,ataxic,GPI
1381,ataxic,GPR56
1382,ataxic,GRID2
1383,ataxic,GRM1
1384,ataxic,GRN
1385,ataxic,GSS
1386,ataxic,HACE1
1387,ataxic,HARS
1388,ataxic,HCN1
1389,ataxic,HEPACAM
1390,ataxic,HERC1
1391,ataxic,HEXA
1392,ataxic,HEXB
1393,ataxic,HIBCH
1394,ataxic,HLCS
1395,ataxic,HNRNPH2
1396,ataxic,HSD17B4
1397,ataxic,HSPD1
1398,ataxic,HTRA1
1399,ataxic,IBA57
1400,ataxic,IFT140
1401,ataxic,INPP5E
1402,ataxic,ISPD
1403,ataxic,ITM2B
1404,ataxic,ITPR1
1405,ataxic,KCNA1
1406,ataxic,KCNA2
1407,ataxic,KCNC1
1408,ataxic,KCNC3
1409,ataxic,KCND3
1410,ataxic,KCNJ10
1411,ataxic,KCNQ2
1412,ataxic,KCTD7
1413,ataxic,KIAA0196
1414,ataxic,KIAA0226
1415,ataxic,KIAA0556
1416,ataxic,KIAA0586
1417,ataxic,KIDINS220
1418,ataxic,KIF1A
1419,ataxic,KIF1B
1420,ataxic,KIF1C
1421,ataxic,KIF5A
1422,ataxic,KIF7
1423,ataxic,L1CAM
1424,ataxic,L2HGDH
1425,ataxic,LAMA1
1426,ataxic,LARGE
1427,ataxic,LIG4
1428,ataxic,LMNB1
1429,ataxic,LMNB2
1430,ataxic,LRP4
1431,ataxic,LRPPRC
1432,ataxic,LRSAM1
1433,ataxic,MAG
1434,ataxic,MAN2B1
1435,ataxic,MAPK10
1436,ataxic,MARS2
1437,ataxic,MBD5
1438,ataxic,MECP2
1439,ataxic,MECR
1440,ataxic,MFSD8
1441,ataxic,MKS1
1442,ataxic,MLC1
1443,ataxic,MMADHC
1444,ataxic,MME
1445,ataxic,MPDU1
1446,ataxic,MPV17
1447,ataxic,MPZ
1448,ataxic,MRE11A
1449,ataxic,MTFMT
1450,ataxic,MTPAP
1451,ataxic,MTTP
1452,ataxic,MVK
1453,ataxic,NALCN
1454,ataxic,NAT8L
1455,ataxic,NDUFA1
1456,ataxic,NDUFA10
1457,ataxic,NDUFA11
1458,ataxic,NDUFA12
1459,ataxic,NDUFA2
1460,ataxic,NDUFA9
1461,ataxic,NDUFAF1
1462,ataxic,NDUFAF2
1463,ataxic,NDUFAF3
1464,ataxic,NDUFAF4
1465,ataxic,NDUFAF5
1466,ataxic,NDUFAF6
1467,ataxic,NDUFB3
1468,ataxic,NDUFS1
1469,ataxic,NDUFS2
1470,ataxic,NDUFS3
1471,ataxic,NDUFS4
1472,ataxic,NDUFS6
1473,ataxic,NDUFS7
1474,ataxic,NDUFS8
1475,ataxic,NDUFV1
1476,ataxic,NDUFV2
1477,ataxic,NEU1
1478,ataxic,NF2
1479,ataxic,NHLRC1
1480,ataxic,NIPA1
1481,ataxic,NKX2-1
1482,ataxic,NOL3
1483,ataxic,NPC1
1484,ataxic,NPC2
1485,ataxic,NPHP1
1486,ataxic,NT5C2
1487,ataxic,NUBPL
1488,ataxic,NUP62
1489,ataxic,OFD1
1490,ataxic,OPA1
1491,ataxic,OPA3
1492,ataxic,OPHN1
1493,ataxic,OTC
1494,ataxic,OTUD4
1495,ataxic,PANK2
1496,ataxic,PAX6
1497,ataxic,PC
1498,ataxic,PCDH19
1499,ataxic,PCNA
1500,ataxic,PDE6D
1501,ataxic,PDHA1
1502,ataxic,PDHB
1503,ataxic,PDSS1
1504,ataxic,PDSS2
1505,ataxic,PDYN
1506,ataxic,PET100
1507,ataxic,PEX1
1508,ataxic,PEX10
1509,ataxic,PEX16
1510,ataxic,PEX2
1511,ataxic,PEX26
1512,ataxic,PEX7
1513,ataxic,PGK1
1514,ataxic,PGM3
1515,ataxic,PHYH
1516,ataxic,PIEZO2
1517,ataxic,PIGG
1518,ataxic,PIK3R5
1519,ataxic,PLA2G6
1520,ataxic,PLP1
1521,ataxic,PMM2
1522,ataxic,PMP22
1523,ataxic,PMPCA
1524,ataxic,PNKD
1525,ataxic,PNKP
1526,ataxic,PNP
1527,ataxic,PNPLA6
1528,ataxic,POLG
1529,ataxic,POLR1C
1530,ataxic,POLR3A
1531,ataxic,POLR3B
1532,ataxic,POMGNT1
1533,ataxic,POMGNT2
1534,ataxic,POMT1
1535,ataxic,POMT2
1536,ataxic,PPT1
1537,ataxic,PRDM8
1538,ataxic,PRF1
1539,ataxic,PRICKLE1
1540,ataxic,PRICKLE2
1541,ataxic,PRKCG
1542,ataxic,PRNP
1543,ataxic,PRPS1
1544,ataxic,PRRT2
1545,ataxic,PRX
1546,ataxic,PSAP
1547,ataxic,PSEN1
1548,ataxic,PTRH2
1549,ataxic,PTS
1550,ataxic,PUM1
1551,ataxic,RARS
1552,ataxic,RARS2
1553,ataxic,REEP1
1554,ataxic,RELN
1555,ataxic,RFT1
1556,ataxic,RNASEH1
1557,ataxic,RNASET2
1558,ataxic,RNF168
1559,ataxic,RNF170
1560,ataxic,RNF216
1561,ataxic,ROGDI
1562,ataxic,RPGRIP1L
1563,ataxic,RRM2B
1564,ataxic,RTN2
1565,ataxic,RTN4IP1
1566,ataxic,SACS
1567,ataxic,SAMD9L
1568,ataxic,SCARB2
1569,ataxic,SCN1A
1570,ataxic,SCN2A
1571,ataxic,SCN8A
1572,ataxic,SCO1
1573,ataxic,SCYL1
1574,ataxic,SDHA
1575,ataxic,SDHAF1
1576,ataxic,SDHD
1577,ataxic,SEPSECS
1578,ataxic,SETX
1579,ataxic,SH3TC2
1580,ataxic,SIL1
1581,ataxic,SLC13A5
1582,ataxic,SLC16A2
1583,ataxic,SLC17A5
1584,ataxic,SLC19A2
1585,ataxic,SLC19A3
1586,ataxic,SLC1A3
1587,ataxic,SLC20A2
1588,ataxic,SLC25A46
1589,ataxic,SLC2A1
1590,ataxic,SLC33A1
1591,ataxic,SLC39A4
1592,ataxic,SLC46A1
1593,ataxic,SLC52A2
1594,ataxic,SLC52A3
1595,ataxic,SLC6A1
1596,ataxic,SLC6A19
1597,ataxic,SLC9A1
1598,ataxic,SLC9A6
1599,ataxic,SNAP25
1600,ataxic,SNX14
1601,ataxic,SOD1
1602,ataxic,SOX10
1603,ataxic,SPAST
1604,ataxic,SPG11
1605,ataxic,SPG20
1606,ataxic,SPG21
1607,ataxic,SPG7
1608,ataxic,SPR
1609,ataxic,SPTAN1
1610,ataxic,SPTBN2
1611,ataxic,SQSTM1
1612,ataxic,STUB1
1613,ataxic,STXBP1
1614,ataxic,SUCLG1
1615,ataxic,SUMF1
1616,ataxic,SUOX
1617,ataxic,SURF1
1618,ataxic,SYNE1
1619,ataxic,SYT14
1620,ataxic,TACO1
1621,ataxic,TBC1D24
1622,ataxic,TBCE
1623,ataxic,TCF4
1624,ataxic,TCN2
1625,ataxic,TCTN1
1626,ataxic,TCTN2
1627,ataxic,TCTN3
1628,ataxic,TDP1
1629,ataxic,TDP2
1630,ataxic,TECPR2
1631,ataxic,TELO2
1632,ataxic,TGM6
1633,ataxic,TH
1634,ataxic,THG1L
1635,ataxic,TINF2
1636,ataxic,TMEM107
1637,ataxic,TMEM138
1638,ataxic,TMEM216
1639,ataxic,TMEM237
1640,ataxic,TMEM240
1641,ataxic,TMEM67
1642,ataxic,TMEM70
1643,ataxic,TPK1
1644,ataxic,TPP1
1645,ataxic,TRAPPC11
1646,ataxic,TRNT1
1647,ataxic,TRPC3
1648,ataxic,TSEN2
1649,ataxic,TSEN34
1650,ataxic,TSEN54
1651,ataxic,TSFM
1652,ataxic,TTBK2
1653,ataxic,TTC19
1654,ataxic,TTC21B
1655,ataxic,TTPA
1656,ataxic,TTR
1657,ataxic,TUBA1A
1658,ataxic,TUBB
1659,ataxic,TUBB4A
1660,ataxic,TYMP
1661,ataxic,UBA5
1662,ataxic,UBE3A
1663,ataxic,UCHL1
1664,ataxic,UQCRB
1665,ataxic,UQCRQ
1666,ataxic,UROC1
1667,ataxic,VAMP1
1668,ataxic,VARS2
1669,ataxic,VLDLR
1670,ataxic,VRK1
1671,ataxic,VWA3B
1672,ataxic,WDR62
1673,ataxic,WDR73
1674,ataxic,WDR81
1675,ataxic,WFS1
1676,ataxic,WWOX
1677,ataxic,XPA
1678,ataxic,XRCC1
1679,ataxic,XRCC4
1680,ataxic,YME1L1
1681,ataxic,ZFYVE26
1682,ataxic,ZIC1
1683,ataxic,ZIC4
1684,ataxic,ZNF592
1685,hereditary_spastic_paraplegia,AP4B1
1686,hereditary_spastic_paraplegia,AP4E1
1687,hereditary_spastic_paraplegia,AP4M1
1688,hereditary_spastic_paraplegia,AP4S1
1689,hereditary_spastic_paraplegia,ATL1
1690,hereditary_spastic_paraplegia,B4GALNT1
1691,hereditary_spastic_paraplegia,BSCL2
1692,hereditary_spastic_paraplegia,C12orf65
1693,hereditary_spastic_paraplegia,CYP2U1
1694,hereditary_spastic_paraplegia,CYP7B1
1695,hereditary_spastic_paraplegia,DDHD1
1696,hereditary_spastic_paraplegia,DDHD2
1697,hereditary_spastic_paraplegia,ERLIN2
1698,hereditary_spastic_paraplegia,FA2H
1699,hereditary_spastic_paraplegia,GBA2
1700,hereditary_spastic_paraplegia,GJC2
1701,hereditary_spastic_paraplegia,KIAA0196
1702,hereditary_spastic_paraplegia,KIF1A
1703,hereditary_spastic_paraplegia,KIF1C
1704,hereditary_spastic_paraplegia,KIF5A
1705,hereditary_spastic_paraplegia,L1CAM
1706,hereditary_spastic_paraplegia,NIPA1
1707,hereditary_spastic_paraplegia,NT5C2
1708,hereditary_spastic_paraplegia,PLP1
1709,hereditary_spastic_paraplegia,PNPLA6
1710,hereditary_spastic_paraplegia,REEP1
1711,hereditary_spastic_paraplegia,RTN2
1712,hereditary_spastic_paraplegia,SLC16A2
1713,hereditary_spastic_paraplegia,SPAST
1714,hereditary_spastic_paraplegia,SPG11
1715,hereditary_spastic_paraplegia,SPG20
1716,hereditary_spastic_paraplegia,SPG21
1717,hereditary_spastic_paraplegia,SPG7
1718,hereditary_spastic_paraplegia,TECPR2
1719,hereditary_spastic_paraplegia,VPS37A
1720,hereditary_spastic_paraplegia,ZFYVE26
1721,ataxic,GMPPB
1722,microphtalmia-anophtalmia,MFRP
